,row_name,col_name,value,row_player_level,row_player_team,col_player_level,col_player_team
0,100balelas,NMRPGugas,33.0,40,red,40,red
1,100balelas,simalves,7.0,40,red,40,blue
2,ARROOZ,simalves,5.0,40,red,40,blue
3,Alftrasher,simalves,9.0,40,red,40,blue
4,AmadoxStreet,simalves,3.0,31,blue,40,blue
5,Anna917Lucy,simalves,5.0,32,yellow,40,blue
6,AnyLove79,simalves,3.0,40,blue,40,blue
7,Bastelico,simalves,6.0,34,yellow,40,blue
8,Brocoly,simalves,9.0,40,red,40,blue
9,Duplicado21,simalves,15.0,40,red,40,blue
10,ElisabeteJesus,simalves,4.0,40,blue,40,blue
11,GNNagash,simalves,8.0,40,red,40,blue
12,Goncacorr,simalves,7.0,38,blue,40,blue
13,Gu1lhermeSlb904,simalves,11.0,40,red,40,blue
14,Hayrezz,simalves,6.0,36,red,40,blue
15,JoniCosta,simalves,3.0,30,red,40,blue
16,Kidojoaok,simalves,7.0,40,blue,40,blue
17,LiguTF,simalves,5.0,40,blue,40,blue
18,Maste2436,simalves,3.0,39,yellow,40,blue
19,Milkas123,simalves,9.0,40,blue,40,blue
20,Moozdzn,simalves,3.0,28,yellow,40,blue
21,NMRPGugas,simalves,9.0,40,red,40,blue
22,NunoCentral,simalves,9.0,35,blue,40,blue
23,Pim3nta89,simalves,7.0,38,red,40,blue
24,QueenAnaMar,simalves,7.0,40,red,40,blue
25,RitzMendes,simalves,8.0,40,blue,40,blue
26,SN0OP3R7,simalves,3.0,37,blue,40,blue
27,Silva10mateus,simalves,3.0,40,blue,40,blue
28,SoriedemGO,simalves,4.0,39,blue,40,blue
29,SrJMK,simalves,13.0,40,red,40,blue
30,Srtoad,simalves,9.0,39,red,40,blue
31,Ticoxande,simalves,10.0,31,yellow,40,blue
32,Tigasbento,simalves,3.0,30,red,40,blue
33,TimFagg,simalves,8.0,40,yellow,40,blue
34,Vbreezy,simalves,3.0,34,yellow,40,blue
35,XuxuDoPd,simalves,3.0,30,yellow,40,blue
36,Zetoscp,simalves,8.0,38,red,40,blue
37,d1Ruk,simalves,4.0,40,yellow,40,blue
38,miknu2k14,simalves,4.0,39,blue,40,blue
39,1pokefil,yont87,2.0,38,red,40,blue
40,Andrejuve93,yont87,2.0,40,yellow,40,blue
41,AzidoAzideAzid3,yont87,2.0,38,red,40,blue
42,BigNoobBoss,yont87,2.0,31,red,40,blue
43,Burgburs,yont87,2.0,38,yellow,40,blue
44,Cachamelo,yont87,3.0,34,red,40,blue
45,Coolbreezexz123,yont87,3.0,40,yellow,40,blue
46,CptPina,yont87,2.0,40,yellow,40,blue
47,Cruxish,yont87,6.0,39,red,40,blue
48,Edas20,yont87,2.0,38,blue,40,blue
49,EduJMac,yont87,2.0,40,red,40,blue
50,EmaGonzRes,yont87,4.0,40,blue,40,blue
51,FMBCJC,yont87,2.0,40,red,40,blue
52,GreatRock33,yont87,4.0,40,red,40,blue
53,JoaoVM07,yont87,3.0,40,yellow,40,blue
54,JoltikDQ,yont87,2.0,40,blue,40,blue
55,King0fH34rts,yont87,4.0,38,yellow,40,blue
56,MARTYMTEYXEYRA,yont87,4.0,40,yellow,40,blue
57,MightyRuca,yont87,2.0,40,blue,40,blue
58,MysthicFoxGirl,yont87,2.0,39,blue,40,blue
59,PatoGotcha,yont87,2.0,40,blue,40,blue
60,Pokyxana,yont87,2.0,37,blue,40,blue
61,Rafacoelho7,yont87,3.0,36,red,40,blue
62,SrJMK,yont87,3.0,40,red,40,blue
63,SupremeMasterPT,yont87,5.0,40,red,40,blue
64,TinaArroyo,yont87,8.0,40,red,40,blue
65,Vlapower94,yont87,2.0,40,red,40,blue
66,Zecapi314,yont87,4.0,40,red,40,blue
67,carapinha94,yont87,4.0,39,blue,40,blue
68,couves11,yont87,2.0,37,blue,40,blue
69,gracanelo123,yont87,2.0,32,red,40,blue
70,hrflopes,yont87,2.0,40,blue,40,blue
71,matheushm07,yont87,2.0,40,red,40,blue
72,miknu2k14,yont87,4.0,39,blue,40,blue
73,naerp2606,yont87,6.0,40,red,40,blue
74,nunesrd,yont87,5.0,40,red,40,blue
75,ojoaogomes,yont87,2.0,40,red,40,blue
76,tiagoc432,yont87,2.0,40,red,40,blue
77,5Mauro,waay2old4this,2.0,35,red,40,yellow
78,Crucefix,waay2old4this,2.0,34,yellow,40,yellow
79,DannyTeixeira87,waay2old4this,2.0,38,red,40,yellow
80,Danyuny,waay2old4this,4.0,40,red,40,yellow
81,Drigoide21,waay2old4this,2.0,38,red,40,yellow
82,DuartehVader,waay2old4this,2.0,40,blue,40,yellow
83,EmaGonzRes,waay2old4this,3.0,40,blue,40,yellow
84,FamelZundap,waay2old4this,2.0,34,yellow,40,yellow
85,Ginorberigio,waay2old4this,2.0,40,blue,40,yellow
86,GrimoireHollow,waay2old4this,2.0,34,yellow,40,yellow
87,IDreI,waay2old4this,2.0,40,blue,40,yellow
88,IgroIgor,waay2old4this,3.0,40,red,40,yellow
89,IsThisMajorTom,waay2old4this,2.0,40,blue,40,yellow
90,MastermEmpire,waay2old4this,2.0,34,yellow,40,yellow
91,Naikowe,waay2old4this,2.0,40,yellow,40,yellow
92,Ninnffaj,waay2old4this,3.0,36,red,40,yellow
93,PatoGotcha,waay2old4this,3.0,40,blue,40,yellow
94,PeterBirth,waay2old4this,2.0,40,red,40,yellow
95,PokeCorisco,waay2old4this,3.0,40,yellow,40,yellow
96,PokeNE0N,waay2old4this,2.0,40,blue,40,yellow
97,SupremeMasterPT,waay2old4this,5.0,40,red,40,yellow
98,Tandorina,waay2old4this,3.0,37,red,40,yellow
99,Tchukay,waay2old4this,2.0,36,yellow,40,yellow
100,TiagoKenpachi,waay2old4this,3.0,33,red,40,yellow
101,Tiagopitukinha2,waay2old4this,2.0,38,yellow,40,yellow
102,TinaArroyo,waay2old4this,5.0,40,red,40,yellow
103,WhiteU,waay2old4this,2.0,37,yellow,40,yellow
104,adiogopaiva,waay2old4this,2.0,40,red,40,yellow
105,bumboclausto,waay2old4this,2.0,40,blue,40,yellow
106,felizardopt,waay2old4this,2.0,40,yellow,40,yellow
107,gracanelo123,waay2old4this,6.0,32,red,40,yellow
108,joaosr1989,waay2old4this,3.0,40,yellow,40,yellow
109,8hrGymIsMaxCoin,zediogopg,2.0,35,red,40,blue
110,Alcobia610,zediogopg,2.0,40,red,40,blue
111,Ancestral1993,zediogopg,3.0,37,red,40,blue
112,Atoniuu,zediogopg,2.0,30,yellow,40,blue
113,AzarAChegar,zediogopg,3.0,40,red,40,blue
114,AzidoAzideAzid3,zediogopg,3.0,38,red,40,blue
115,Castanheira1985,zediogopg,5.0,40,red,40,blue
116,CilioG0,zediogopg,3.0,40,blue,40,blue
117,Cooper96,zediogopg,4.0,36,blue,40,blue
118,Darksquallleon,zediogopg,3.0,27,blue,40,blue
119,Do0msdayy,zediogopg,2.0,39,yellow,40,blue
120,EduJMac,zediogopg,5.0,40,red,40,blue
121,Etorini,zediogopg,2.0,31,yellow,40,blue
122,FakadasMC,zediogopg,10.0,33,red,40,blue
123,Filipemaiarosa,zediogopg,2.0,40,red,40,blue
124,FrancisFzz,zediogopg,2.0,33,red,40,blue
125,Galaticvs,zediogopg,2.0,37,red,40,blue
126,Gcardoso01,zediogopg,2.0,30,blue,40,blue
127,Giant29,zediogopg,2.0,40,red,40,blue
128,Gowrilaz,zediogopg,2.0,32,blue,40,blue
129,Inessofia99,zediogopg,2.0,33,red,40,blue
130,JOR1967,zediogopg,2.0,40,yellow,40,blue
131,Jmcerq,zediogopg,3.0,33,blue,40,blue
132,Kajava050,zediogopg,3.0,31,blue,40,blue
133,LeCaesar,zediogopg,7.0,40,red,40,blue
134,MaraujoAndre,zediogopg,4.0,37,yellow,40,blue
135,MisterManding0,zediogopg,3.0,40,yellow,40,blue
136,Mizehza,zediogopg,5.0,40,red,40,blue
137,Moukinho,zediogopg,2.0,36,red,40,blue
138,NJS76,zediogopg,3.0,39,yellow,40,blue
139,Nepia98,zediogopg,4.0,40,blue,40,blue
140,Nir1972,zediogopg,2.0,40,yellow,40,blue
141,NunoTheMaster,zediogopg,3.0,40,red,40,blue
142,OrangeOlympus,zediogopg,2.0,36,yellow,40,blue
143,PMPM74,zediogopg,3.0,38,blue,40,blue
144,Pcerceos,zediogopg,2.0,35,blue,40,blue
145,PedroRib09,zediogopg,3.0,23,blue,40,blue
146,Pekito10,zediogopg,5.0,40,yellow,40,blue
147,Pingox1,zediogopg,5.0,30,yellow,40,blue
148,PrabhasPaul,zediogopg,3.0,40,red,40,blue
149,Rafadas,zediogopg,2.0,39,blue,40,blue
150,RicardoRibeir0,zediogopg,4.0,40,red,40,blue
151,RichieSanti20,zediogopg,2.0,31,yellow,40,blue
152,Riimiranda,zediogopg,2.0,35,blue,40,blue
153,Santoscjp,zediogopg,2.0,37,blue,40,blue
154,SinTomas,zediogopg,3.0,37,red,40,blue
155,Southking1906,zediogopg,2.0,24,yellow,40,blue
156,SupremeMasterPT,zediogopg,2.0,40,red,40,blue
157,TetraCoprs,zediogopg,2.0,40,red,40,blue
158,Tipassos,zediogopg,3.0,37,yellow,40,blue
159,Tugateso,zediogopg,3.0,35,blue,40,blue
160,aalberto22,zediogopg,6.0,34,yellow,40,blue
161,baggytrousers81,zediogopg,2.0,37,blue,40,blue
162,balianx,zediogopg,2.0,39,red,40,blue
163,bela154,zediogopg,4.0,38,yellow,40,blue
164,brurib606,zediogopg,2.0,40,blue,40,blue
165,hyordanov,zediogopg,2.0,34,yellow,40,blue
166,jmst83,zediogopg,2.0,40,blue,40,blue
167,lthejustice,zediogopg,2.0,36,blue,40,blue
168,naerp2606,zediogopg,2.0,40,red,40,blue
169,s0undzzbala,zediogopg,2.0,31,blue,40,blue
170,APipa2102,ravemir,2.0,35,red,33,yellow
171,L0rdOfEv1L,ravemir,2.0,40,blue,33,yellow
172,LiguTF,ravemir,5.0,40,blue,33,yellow
173,Srtoad,ravemir,2.0,39,red,33,yellow
174,SupremeMasterPT,ravemir,2.0,40,red,33,yellow
175,XuxuDoPd,ravemir,2.0,30,yellow,33,yellow
176,ARROOZ,SrJMK,26.0,40,red,40,red
177,ARROOZ,iTzSniCK,14.0,40,red,40,red
178,GNNagash,iTzSniCK,10.0,40,red,40,red
179,Gu1lhermeSlb904,iTzSniCK,10.0,40,red,40,red
180,SrJMK,iTzSniCK,9.0,40,red,40,red
181,ARROOZ,vicliv,3.0,40,red,39,blue
182,Augustus61,vicliv,9.0,39,red,39,blue
183,BrunoPatricio,vicliv,3.0,40,red,39,blue
184,Costafeller,vicliv,3.0,36,red,39,blue
185,D3lphos,vicliv,5.0,36,blue,39,blue
186,Diogogomes90,vicliv,3.0,37,red,39,blue
187,DonnieDrakoEU,vicliv,5.0,30,blue,39,blue
188,DurumakiPedruto,vicliv,9.0,35,blue,39,blue
189,EduJMac,vicliv,4.0,40,red,39,blue
190,GNNagash,vicliv,4.0,40,red,39,blue
191,Goncacorr,vicliv,7.0,38,blue,39,blue
192,JoniCosta,vicliv,3.0,30,red,39,blue
193,LXLocco,vicliv,3.0,39,blue,39,blue
194,Lfrjesus,vicliv,8.0,40,blue,39,blue
195,PabloChappo,vicliv,3.0,29,red,39,blue
196,ParasiteEve,vicliv,7.0,40,red,39,blue
197,Perseuh,vicliv,3.0,36,yellow,39,blue
198,QueenAnaMar,vicliv,7.0,40,red,39,blue
199,Rfa18,vicliv,3.0,34,yellow,39,blue
200,Rodrigoats,vicliv,3.0,30,blue,39,blue
201,SilverWolfPTPT,vicliv,6.0,36,red,39,blue
202,SrJMK,vicliv,6.0,40,red,39,blue
203,Tigasbento,vicliv,7.0,30,red,39,blue
204,TimFagg,vicliv,4.0,40,yellow,39,blue
205,danielscgo,vicliv,3.0,40,red,39,blue
206,miknu2k14,vicliv,4.0,39,blue,39,blue
207,Aifosofiapesto,joaoribeirost,2.0,31,red,35,yellow
208,GreatRock33,joaoribeirost,2.0,40,red,35,yellow
209,Pokericeira,joaoribeirost,2.0,40,red,35,yellow
210,Stultusz,joaoribeirost,6.0,40,red,35,yellow
211,SupremeMasterPT,joaoribeirost,2.0,40,red,35,yellow
212,Zecapi314,joaoribeirost,4.0,40,red,35,yellow
213,dishadow99,joaoribeirost,2.0,28,blue,35,yellow
214,fatimagraca,joaoribeirost,2.0,34,red,35,yellow
215,AlexandreGil,Vcarrega,6.0,34,blue,40,blue
216,Alextreiner1227,thenemo15,3.0,37,blue,38,blue
217,BrunoPatricio,thenemo15,3.0,40,red,38,blue
218,Burgburs,thenemo15,4.0,38,yellow,38,blue
219,Cruxish,thenemo15,6.0,39,red,38,blue
220,Fenouil79,thenemo15,4.0,35,blue,38,blue
221,JoaoVM07,thenemo15,3.0,40,yellow,38,blue
222,King0fH34rts,thenemo15,3.0,38,yellow,38,blue
223,ManteigaDeLula,thenemo15,3.0,36,blue,38,blue
224,Marcio699,thenemo15,3.0,39,yellow,38,blue
225,Mgmartinss,thenemo15,4.0,39,blue,38,blue
226,Ppsalves,thenemo15,3.0,30,blue,38,blue
227,Rafadomingues96,thenemo15,3.0,40,blue,38,blue
228,SupremeMasterPT,thenemo15,5.0,40,red,38,blue
229,TimFagg,thenemo15,3.0,40,yellow,38,blue
230,TinaArroyo,thenemo15,6.0,40,red,38,blue
231,gracanelo123,thenemo15,3.0,32,red,38,blue
232,j0rgersn,thenemo15,3.0,40,blue,38,blue
233,naerp2606,thenemo15,4.0,40,red,38,blue
234,Alftrasher,RitzMendes,27.0,40,red,40,blue
235,Alftrasher,t0rqu3,4.0,40,red,32,yellow
236,Augustus61,t0rqu3,3.0,39,red,32,yellow
237,Chuupaacabra,t0rqu3,3.0,37,red,32,yellow
238,DavidPT97,t0rqu3,3.0,33,yellow,32,yellow
239,DurumakiPedruto,t0rqu3,3.0,35,blue,32,yellow
240,ENDraganerys,t0rqu3,3.0,33,yellow,32,yellow
241,Goncacorr,t0rqu3,4.0,38,blue,32,yellow
242,QueenAnaMar,t0rqu3,4.0,40,red,32,yellow
243,Rrotiv,t0rqu3,3.0,35,red,32,yellow
244,Tigasbento,t0rqu3,3.0,30,red,32,yellow
245,Zetoscp,t0rqu3,5.0,38,red,32,yellow
246,AndreNunes1992,catygalhanas,4.0,35,red,35,red
247,Andrejuve93,EduJMac,42.0,40,yellow,40,red
248,Andrejuve93,FRAGZ,19.0,40,yellow,35,red
249,AzidoAzideAzid3,FRAGZ,19.0,38,red,35,red
250,Andrejuve93,JoeOfTheGames,13.0,40,yellow,30,blue
251,Andrejuve93,LuckKrlosPs,9.0,40,yellow,40,yellow
252,Andrejuve93,MaraujoAndre,27.0,40,yellow,37,yellow
253,Andrejuve93,Moukinho,17.0,40,yellow,36,red
254,EduJMac,Moukinho,13.0,40,red,36,red
255,Andrejuve93,Samaheras,24.0,40,yellow,40,blue
256,EduJMac,Samaheras,19.0,40,red,40,blue
257,Andrejuve93,TetraCoprs,15.0,40,yellow,40,red
258,Cooper96,TetraCoprs,10.0,36,blue,40,red
259,EduJMac,TetraCoprs,10.0,40,red,40,red
260,Andrejuve93,Zibs2,5.0,40,yellow,33,blue
261,AzidoAzideAzid3,Zibs2,3.0,38,red,33,blue
262,Andrejuve93,naerp2606,16.0,40,yellow,40,red
263,EduJMac,naerp2606,21.0,40,red,40,red
264,RicardoRibeir0,naerp2606,11.0,40,red,40,red
265,Anna917Lucy,peterrareosa,18.0,32,yellow,38,yellow
266,Bastelico,peterrareosa,8.0,34,yellow,38,yellow
267,Ticoxande,peterrareosa,23.0,31,yellow,38,yellow
268,Anuchinha,pdpt25,6.0,40,blue,35,yellow
269,TinaArroyo,pdpt25,6.0,40,red,35,yellow
270,gracanelo123,pdpt25,6.0,32,red,35,yellow
271,pda9891,pdpt25,6.0,40,yellow,35,yellow
272,Anuchinha,s8nm4m,2.0,40,blue,30,red
273,Cryogenium,s8nm4m,2.0,31,red,30,red
274,DavidsNF,s8nm4m,2.0,38,yellow,30,red
275,Dizoli15,s8nm4m,2.0,33,blue,30,red
276,Jomitex,s8nm4m,3.0,40,yellow,30,red
277,Morabidino23,s8nm4m,2.0,40,blue,30,red
278,Patojonas,s8nm4m,3.0,40,red,30,red
279,PokeCorisco,s8nm4m,2.0,40,yellow,30,red
280,SupremeMasterPT,s8nm4m,2.0,40,red,30,red
281,TNeckes,s8nm4m,2.0,30,red,30,red
282,TiagoKenpachi,s8nm4m,2.0,33,red,30,red
283,Zecapi314,s8nm4m,2.0,40,red,30,red
284,Anuchinha,tigermarques,2.0,40,blue,32,red
285,Blankingdom,tigermarques,2.0,40,blue,32,red
286,Bosgas,tigermarques,2.0,36,red,32,red
287,Chentobi,tigermarques,2.0,39,blue,32,red
288,DannyTeixeira87,tigermarques,2.0,38,red,32,red
289,Danyuny,tigermarques,2.0,40,red,32,red
290,EmaGonzRes,tigermarques,2.0,40,blue,32,red
291,FamelZundap,tigermarques,2.0,34,yellow,32,red
292,HunterStive,tigermarques,2.0,29,blue,32,red
293,IgroIgor,tigermarques,2.0,40,red,32,red
294,MARTYMTEYXEYRA,tigermarques,3.0,40,yellow,32,red
295,Nunex64,tigermarques,3.0,40,red,32,red
296,PedroEvangelho,tigermarques,2.0,32,blue,32,red
297,Pekito10,tigermarques,2.0,40,yellow,32,red
298,Phabiolous,tigermarques,2.0,40,blue,32,red
299,PokeNE0N,tigermarques,3.0,40,blue,32,red
300,Pokerrapxim,tigermarques,2.0,40,blue,32,red
301,SupremeMasterPT,tigermarques,2.0,40,red,32,red
302,TinaArroyo,tigermarques,3.0,40,red,32,red
303,j0rgersn,tigermarques,2.0,40,blue,32,red
304,lanr912,tigermarques,2.0,40,yellow,32,red
305,nunesrd,tigermarques,3.0,40,red,32,red
306,ojoaogomes,tigermarques,3.0,40,red,32,red
307,AnyLove79,SN0OP3R7,9.0,40,blue,37,blue
308,Arcadefirego,xCeefour,2.0,34,red,36,yellow
309,Callofkthulu,xCeefour,2.0,33,yellow,36,yellow
310,Chentobi,xCeefour,3.0,39,blue,36,yellow
311,Coolbreezexz123,xCeefour,5.0,40,yellow,36,yellow
312,DannyTeixeira87,xCeefour,2.0,38,red,36,yellow
313,Dizoli15,xCeefour,2.0,33,blue,36,yellow
314,Elfskull,xCeefour,6.0,39,blue,36,yellow
315,EmaGonzRes,xCeefour,2.0,40,blue,36,yellow
316,Fenouil79,xCeefour,4.0,35,blue,36,yellow
317,Ginorberigio,xCeefour,3.0,40,blue,36,yellow
318,Gtony84,xCeefour,2.0,40,yellow,36,yellow
319,Inessofia99,xCeefour,2.0,33,red,36,yellow
320,JMRC1992,xCeefour,3.0,35,yellow,36,yellow
321,JMota1994,xCeefour,2.0,40,blue,36,yellow
322,JohnFire1,xCeefour,2.0,35,red,36,yellow
323,Jotsifo,xCeefour,2.0,37,red,36,yellow
324,LuckyGuest,xCeefour,5.0,34,yellow,36,yellow
325,MANELRIBEIRO,xCeefour,2.0,36,blue,36,yellow
326,MMartins7,xCeefour,2.0,32,red,36,yellow
327,NunoReix,xCeefour,2.0,34,blue,36,yellow
328,Patojonas,xCeefour,2.0,40,red,36,yellow
329,Pedroalvim13,xCeefour,2.0,32,yellow,36,yellow
330,PeterBirth,xCeefour,2.0,40,red,36,yellow
331,PokeCorisco,xCeefour,2.0,40,yellow,36,yellow
332,PokeNE0N,xCeefour,2.0,40,blue,36,yellow
333,Pokerrapxim,xCeefour,6.0,40,blue,36,yellow
334,ShyeraL,xCeefour,2.0,38,blue,36,yellow
335,SilverSilverSil,xCeefour,3.0,40,yellow,36,yellow
336,SupremeMasterPT,xCeefour,3.0,40,red,36,yellow
337,Tchukay,xCeefour,2.0,36,yellow,36,yellow
338,TinaArroyo,xCeefour,6.0,40,red,36,yellow
339,Vlapower94,xCeefour,2.0,40,red,36,yellow
340,WhiteU,xCeefour,3.0,37,yellow,36,yellow
341,Zecaxi,xCeefour,2.0,40,blue,36,yellow
342,aalberto22,xCeefour,2.0,34,yellow,36,yellow
343,bernasmr,xCeefour,2.0,34,red,36,yellow
344,fli0dhais,xCeefour,4.0,36,blue,36,yellow
345,gongassauros,xCeefour,2.0,35,blue,36,yellow
346,gracanelo123,xCeefour,5.0,32,red,36,yellow
347,j0rgersn,xCeefour,6.0,40,blue,36,yellow
348,nunesrd,xCeefour,2.0,40,red,36,yellow
349,ojoaogomes,xCeefour,4.0,40,red,36,yellow
350,poketabom,xCeefour,4.0,35,yellow,36,yellow
351,AshNestum,vsamji,11.0,40,blue,40,red
352,BraaveHeaart,vsamji,5.0,40,red,40,red
353,CptPina,vsamji,7.0,40,yellow,40,red
354,DannyTeixeira87,vsamji,7.0,38,red,40,red
355,Danyuny,vsamji,4.0,40,red,40,red
356,Elfskull,vsamji,7.0,39,blue,40,red
357,King0fH34rts,vsamji,20.0,38,yellow,40,red
358,MastermEmpire,vsamji,5.0,34,yellow,40,red
359,MegaSharkG0,vsamji,5.0,40,blue,40,red
360,Naikowe,vsamji,6.0,40,yellow,40,red
361,Nunex64,vsamji,7.0,40,red,40,red
362,PatoGotcha,vsamji,4.0,40,blue,40,red
363,Pedroalvim13,vsamji,7.0,32,yellow,40,red
364,PeterBirth,vsamji,9.0,40,red,40,red
365,PokeNE0N,vsamji,4.0,40,blue,40,red
366,Pokerrapxim,vsamji,6.0,40,blue,40,red
367,RicardoLeeXc,vsamji,19.0,40,red,40,red
368,SaraSCZ,vsamji,4.0,40,blue,40,red
369,SupremeMasterPT,vsamji,6.0,40,red,40,red
370,TEMPLUSMASTER,vsamji,7.0,40,yellow,40,red
371,TinaArroyo,vsamji,15.0,40,red,40,red
372,Zecaxi,vsamji,4.0,40,blue,40,red
373,gracanelo123,vsamji,6.0,32,red,40,red
374,j0rgersn,vsamji,10.0,40,blue,40,red
375,jobesanitas,vsamji,4.0,40,blue,40,red
376,nunesrd,vsamji,17.0,40,red,40,red
377,pda9891,vsamji,5.0,40,yellow,40,red
378,AzidoAzideAzid3,RicardoJMF91,8.0,38,red,31,yellow
379,AzidoAzideAzid3,RicardoRibeir0,16.0,38,red,40,red
380,AzidoAzideAzid3,bela154,12.0,38,red,38,yellow
381,Bentoxvii,luissmmiguel,2.0,34,blue,24,blue
382,JohnyBigodes,luissmmiguel,2.0,34,blue,24,blue
383,Naikowe,luissmmiguel,2.0,40,yellow,24,blue
384,Simpletongui,luissmmiguel,2.0,39,blue,24,blue
385,SupremeMasterPT,luissmmiguel,2.0,40,red,24,blue
386,TinaArroyo,luissmmiguel,2.0,40,red,24,blue
387,gracanelo123,luissmmiguel,3.0,32,red,24,blue
388,Bilrazard,rubenmm1812,2.0,34,red,25,red
389,Gama1134,rubenmm1812,2.0,26,red,25,red
390,Hydilus,rubenmm1812,2.0,25,red,25,red
391,SupremeMasterPT,rubenmm1812,2.0,40,red,25,red
392,Blankingdom,Nunex64,49.0,40,blue,40,red
393,Blankingdom,nunesrd,21.0,40,blue,40,red
394,CptPina,nunesrd,42.0,40,yellow,40,red
395,King0fH34rts,nunesrd,39.0,38,yellow,40,red
396,Kiooss,nunesrd,18.0,40,yellow,40,red
397,Nunex64,nunesrd,29.0,40,red,40,red
398,PatoGotcha,nunesrd,36.0,40,blue,40,red
399,PeterBirth,nunesrd,65.0,40,red,40,red
400,PokeNE0N,nunesrd,34.0,40,blue,40,red
401,Pokerrapxim,nunesrd,18.0,40,blue,40,red
402,PrabhasPaul,nunesrd,19.0,40,red,40,red
403,SrJMK,nunesrd,19.0,40,red,40,red
404,SupremeMasterPT,nunesrd,37.0,40,red,40,red
405,TinaArroyo,nunesrd,174.0,40,red,40,red
406,Vlapower94,nunesrd,28.0,40,red,40,red
407,brokkendoll,nunesrd,7.0,30,yellow,40,red
408,j0rgersn,nunesrd,75.0,40,blue,40,red
409,miknu2k14,nunesrd,12.0,39,blue,40,red
410,naerp2606,nunesrd,11.0,40,red,40,red
411,Blankingdom,sup3rfm,2.0,40,blue,40,blue
412,Johnydi92,sup3rfm,2.0,33,blue,40,blue
413,Jotsifo,sup3rfm,2.0,37,red,40,blue
414,Sttikky,sup3rfm,2.0,39,blue,40,blue
415,SupremeMasterPT,sup3rfm,2.0,40,red,40,blue
416,TinaArroyo,sup3rfm,2.0,40,red,40,blue
417,gracanelo123,sup3rfm,4.0,32,red,40,blue
418,pda9891,sup3rfm,2.0,40,yellow,40,blue
419,Brooklyhn,ricardonuno01,9.0,34,red,37,blue
420,Coolbreezexz123,ricardonuno01,22.0,40,yellow,37,blue
421,Johnydi92,ricardonuno01,5.0,33,blue,37,blue
422,gongassauros,ricardonuno01,7.0,35,blue,37,blue
423,mnlr89,ricardonuno01,9.0,38,yellow,37,blue
424,Brunaldo22,carapinha94,25.0,36,yellow,39,blue
425,Brunaldo22,matheushm07,12.0,36,yellow,40,red
426,JoaoVM07,matheushm07,46.0,40,yellow,40,red
427,TinaArroyo,matheushm07,15.0,40,red,40,red
428,Vlapower94,matheushm07,11.0,40,red,40,red
429,carapinha94,matheushm07,15.0,39,blue,40,red
430,BrunoMatos82,play3maniac,9.0,34,red,37,blue
431,Crucefix,play3maniac,5.0,34,yellow,37,blue
432,DudaFCM7,play3maniac,5.0,37,red,37,blue
433,FamelZundap,play3maniac,5.0,34,yellow,37,blue
434,Marcio699,play3maniac,5.0,39,yellow,37,blue
435,Naikowe,play3maniac,10.0,40,yellow,37,blue
436,Ninnffaj,play3maniac,10.0,36,red,37,blue
437,Simpletongui,play3maniac,9.0,39,blue,37,blue
438,SmilerPortugal,play3maniac,15.0,40,blue,37,blue
439,gracanelo123,play3maniac,13.0,32,red,37,blue
440,BrunoMatos82,pokeraitt,2.0,34,red,28,red
441,DannyTeixeira87,pokeraitt,3.0,38,red,28,red
442,Elfskull,pokeraitt,2.0,39,blue,28,red
443,IgroIgor,pokeraitt,2.0,40,red,28,red
444,Moukinho,pokeraitt,2.0,36,red,28,red
445,PokeAcoriano,pokeraitt,3.0,39,yellow,28,red
446,SeIIene,pokeraitt,2.0,40,blue,28,red
447,SilverSilverSil,pokeraitt,2.0,40,yellow,28,red
448,SupremeMasterPT,pokeraitt,4.0,40,red,28,red
449,BrunoPatricio,inesnnogueira,6.0,40,red,40,yellow
450,HollowSpawn,inesnnogueira,5.0,39,red,40,yellow
451,J121warrior,inesnnogueira,5.0,38,yellow,40,yellow
452,Kiooss,inesnnogueira,6.0,40,yellow,40,yellow
453,Perakori,inesnnogueira,7.0,37,yellow,40,yellow
454,Pokericeira,inesnnogueira,5.0,40,red,40,yellow
455,RicardoSanptlx,inesnnogueira,22.0,40,blue,40,yellow
456,Stultusz,inesnnogueira,8.0,40,red,40,yellow
457,Zecapi314,inesnnogueira,4.0,40,red,40,yellow
458,fatimagraca,inesnnogueira,4.0,34,red,40,yellow
459,CRAZYPLAYY,oMestreMonteiro,2.0,31,blue,27,blue
460,SupremeMasterPT,oMestreMonteiro,2.0,40,red,27,blue
461,gracanelo123,oMestreMonteiro,2.0,32,red,27,blue
462,CRAZYPLAYY,untillastone,2.0,31,blue,35,blue
463,CapitaoAlatrist,untillastone,2.0,30,yellow,35,blue
464,DannyTeixeira87,untillastone,2.0,38,red,35,blue
465,Dizoli15,untillastone,2.0,33,blue,35,blue
466,Fenouil79,untillastone,2.0,35,blue,35,blue
467,Inessofia99,untillastone,2.0,33,red,35,blue
468,JMRC1992,untillastone,2.0,35,yellow,35,blue
469,Johnydi92,untillastone,5.0,33,blue,35,blue
470,LeTicks,untillastone,2.0,34,blue,35,blue
471,MARTYMTEYXEYRA,untillastone,2.0,40,yellow,35,blue
472,MTBacano,untillastone,2.0,33,red,35,blue
473,MrKunami,untillastone,2.0,33,yellow,35,blue
474,NunoReix,untillastone,3.0,34,blue,35,blue
475,PACR2,untillastone,2.0,32,red,35,blue
476,Pedrolebest,untillastone,3.0,34,yellow,35,blue
477,Sttikky,untillastone,3.0,39,blue,35,blue
478,SupremeMasterPT,untillastone,2.0,40,red,35,blue
479,TMpolicarpo,untillastone,2.0,34,yellow,35,blue
480,bernasmr,untillastone,2.0,34,red,35,blue
481,bodabodinha,untillastone,2.0,39,yellow,35,blue
482,diverbea,untillastone,2.0,40,blue,35,blue
483,gracanelo123,untillastone,2.0,32,red,35,blue
484,poketabom,untillastone,2.0,35,yellow,35,blue
485,CaioSAC,PipaOndas,9.0,40,yellow,37,red
486,CaioSAC,wofraider,2.0,40,yellow,39,red
487,Exotnaf,wofraider,3.0,39,red,39,red
488,Invihz,wofraider,2.0,40,red,39,red
489,JohnLoc75,wofraider,3.0,40,red,39,red
490,JohnnyAlbatroz,wofraider,2.0,40,blue,39,red
491,Nuxo,wofraider,4.0,40,yellow,39,red
492,PipaOndas,wofraider,2.0,37,red,39,red
493,SupremeMasterPT,wofraider,2.0,40,red,39,red
494,Castanheira1985,tiagoc432,8.0,40,red,40,red
495,DiogoQ16,tiagoc432,6.0,40,yellow,40,red
496,FakadasMC,tiagoc432,11.0,33,red,40,red
497,Mizehza,tiagoc432,5.0,40,red,40,red
498,Pekito10,tiagoc432,7.0,40,yellow,40,red
499,Pokerrapxim,tiagoc432,6.0,40,blue,40,red
500,RichieSanti20,tiagoc432,16.0,31,yellow,40,red
501,Seeker06,tiagoc432,6.0,35,red,40,red
502,aalberto22,tiagoc432,11.0,34,yellow,40,red
503,balianx,tiagoc432,7.0,39,red,40,red
504,tascv,tiagoc432,5.0,37,red,40,red
505,Challenger1602,pjts,2.0,40,red,37,yellow
506,Gu1lhermeSlb904,pjts,3.0,40,red,37,yellow
507,SupremeMasterPT,pjts,2.0,40,red,37,yellow
508,Chentobi,ojoaogomes,18.0,39,blue,40,red
509,Elfskull,ojoaogomes,16.0,39,blue,40,red
510,Pokerrapxim,ojoaogomes,14.0,40,blue,40,red
511,SupremeMasterPT,ojoaogomes,14.0,40,red,40,red
512,TinaArroyo,ojoaogomes,21.0,40,red,40,red
513,Vlapower94,ojoaogomes,12.0,40,red,40,red
514,gracanelo123,ojoaogomes,13.0,32,red,40,red
515,j0rgersn,ojoaogomes,17.0,40,blue,40,red
516,Chuupaacabra,DavidPT97,29.0,37,red,33,yellow
517,Chuupaacabra,RocketSummoner,30.0,37,red,33,yellow
518,DavidPT97,RocketSummoner,24.0,33,yellow,33,yellow
519,Chuupaacabra,Rrotiv,27.0,37,red,35,red
520,DavidPT97,Rrotiv,19.0,33,yellow,35,red
521,Chuupaacabra,martanarizinho,15.0,37,red,33,blue
522,DavidPT97,martanarizinho,9.0,33,yellow,33,blue
523,DurumakiPedruto,martanarizinho,8.0,35,blue,33,blue
524,Rrotiv,martanarizinho,16.0,35,red,33,blue
525,Coolbreezexz123,Wizardmeister,21.0,40,yellow,37,yellow
526,Coolbreezexz123,fcmatias,6.0,40,yellow,36,blue
527,Coolbreezexz123,mnlr89,13.0,40,yellow,38,yellow
528,CptPina,TinaArroyo,53.0,40,yellow,40,red
529,PatoGotcha,TinaArroyo,57.0,40,blue,40,red
530,PeterBirth,TinaArroyo,89.0,40,red,40,red
531,PokeNE0N,TinaArroyo,58.0,40,blue,40,red
532,CptPina,pda9891,17.0,40,yellow,40,yellow
533,Danyuny,pda9891,12.0,40,red,40,yellow
534,PatoGotcha,pda9891,13.0,40,blue,40,yellow
535,PeterBirth,pda9891,22.0,40,red,40,yellow
536,SilverSilverSil,pda9891,12.0,40,yellow,40,yellow
537,SupremeMasterPT,pda9891,16.0,40,red,40,yellow
538,Tifimeco,pda9891,14.0,40,yellow,40,yellow
539,TinaArroyo,pda9891,28.0,40,red,40,yellow
540,gracanelo123,pda9891,16.0,32,red,40,yellow
541,j0rgersn,pda9891,25.0,40,blue,40,yellow
542,nunesrd,pda9891,18.0,40,red,40,yellow
543,Crucefix,Ninnffaj,23.0,34,yellow,36,red
544,Marcio699,Ninnffaj,25.0,39,yellow,36,red
545,Daniloab,Kyzouki,17.0,38,blue,40,blue
546,DannyTeixeira87,pattucius,3.0,38,red,35,blue
547,SupremeMasterPT,pattucius,5.0,40,red,35,blue
548,gracanelo123,pattucius,3.0,32,red,35,blue
549,j0rgersn,pattucius,3.0,40,blue,35,blue
550,Danyuny,didas29,7.0,40,red,36,red
551,Danyuny,pedroMFM,2.0,40,red,25,blue
552,SupremeMasterPT,pedroMFM,2.0,40,red,25,blue
553,Dizoli15,migueldajuda,5.0,33,blue,38,blue
554,bodabodinha,migueldajuda,5.0,39,yellow,38,blue
555,diverbea,migueldajuda,5.0,40,blue,38,blue
556,DudaFCM7,SmilerPortugal,22.0,37,red,40,blue
557,EduJMac,jsantos,2.0,40,red,40,blue
558,SupremeMasterPT,jsantos,2.0,40,red,40,blue
559,TetraCoprs,jsantos,3.0,40,red,40,blue
560,EduJMac,napalm4dw,6.0,40,red,36,blue
561,EduJMac,s0undzzbala,7.0,40,red,31,blue
562,RichieSanti20,s0undzzbala,6.0,31,yellow,31,blue
563,aalberto22,s0undzzbala,10.0,34,yellow,31,blue
564,Elfskull,TEMPLUSMASTER,29.0,39,blue,40,yellow
565,Elfskull,frenzy73,15.0,39,blue,40,red
566,TinaArroyo,frenzy73,17.0,40,red,40,red
567,Elfskull,jobesanitas,9.0,39,blue,40,blue
568,gracanelo123,jobesanitas,10.0,32,red,40,blue
569,ElisabeteJesus,catajesus,11.0,40,blue,40,blue
570,SrJMK,catajesus,8.0,40,red,40,blue
571,FMBCJC,Pachiren,18.0,40,red,40,blue
572,FMBCJC,joaosr1989,12.0,40,red,40,yellow
573,Nunex64,joaosr1989,13.0,40,red,40,yellow
574,TinaArroyo,joaosr1989,16.0,40,red,40,yellow
575,j0rgersn,joaosr1989,12.0,40,blue,40,yellow
576,GNNagash,miknu2k14,13.0,40,red,39,blue
577,SrJMK,miknu2k14,13.0,40,red,39,blue
578,TinaArroyo,miknu2k14,18.0,40,red,39,blue
579,Gagaspires,Zlordpokemonb,7.0,38,yellow,37,red
580,Giant29,jdavidgil,3.0,40,red,40,red
581,Goncacorr,QueenAnaMar,100.0,38,blue,40,red
582,Goncacorr,TimFagg,14.0,38,blue,40,yellow
583,NunoCentral,TimFagg,13.0,35,blue,40,yellow
584,QueenAnaMar,TimFagg,14.0,40,red,40,yellow
585,Goncacorr,sergioneves86,2.0,38,blue,37,red
586,NunoCentral,sergioneves86,3.0,35,blue,37,red
587,PantufaMaster,sergioneves86,2.0,33,yellow,37,red
588,QueenAnaMar,sergioneves86,2.0,40,red,37,red
589,SoriedemGO,sergioneves86,2.0,39,blue,37,red
590,SupremeMasterPT,sergioneves86,2.0,40,red,37,red
591,TimFagg,sergioneves86,3.0,40,yellow,37,red
592,Gtony84,Jomitex,42.0,40,yellow,40,yellow
593,Gtony84,Patojonas,36.0,40,yellow,40,red
594,Jomitex,Patojonas,45.0,40,yellow,40,red
595,Gu1lhermeSlb904,danielasm4,3.0,40,red,31,blue
596,JohnLoc75,Pedrokemon12,15.0,40,red,40,yellow
597,JohnnyAlbatroz,Pedrokemon12,19.0,40,blue,40,yellow
598,NerfertitiiGirl,Pedrokemon12,6.0,35,yellow,40,yellow
599,JohnLoc75,Rubenford,10.0,40,red,40,blue
600,JohnLoc75,naginii33,5.0,40,red,38,yellow
601,JohnnyAlbatroz,naginii33,6.0,40,blue,38,yellow
602,Pedrokemon12,naginii33,4.0,40,yellow,38,yellow
603,RuiCaneira,naginii33,4.0,40,blue,38,yellow
604,JohnnyAlbatroz,Nuxo,19.0,40,blue,40,yellow
605,JohnnyAlbatroz,RuiCaneira,8.0,40,blue,40,blue
606,Pedrokemon12,RuiCaneira,11.0,40,yellow,40,blue
607,JohnnyAlbatroz,dash13062,7.0,40,blue,38,blue
608,Jomitex,btgds,5.0,40,yellow,31,blue
609,JoniCosta,Provedor07,7.0,30,red,29,red
610,LigmaMarbles,pemimig,3.0,34,yellow,37,yellow
611,MichelJ23,pemimig,6.0,38,blue,37,yellow
612,R0das31,pemimig,3.0,33,blue,37,yellow
613,Zakiusfarinha,pemimig,3.0,38,red,37,yellow
614,naerp2606,pemimig,3.0,40,red,37,yellow
615,MastermEmpire,gymboy777,9.0,34,yellow,40,yellow
616,Miguelvidex,pedrofcsousa,2.0,32,red,33,yellow
617,SupremeMasterPT,pedrofcsousa,2.0,40,red,33,yellow
618,Mizehza,tascv,6.0,40,red,37,red
619,MrKunami,PACR2,26.0,33,yellow,32,red
620,Naikowe,joadiaf,6.0,40,yellow,36,yellow
621,Nunex64,Pekito10,40.0,40,red,40,yellow
622,Nunex64,loia16,6.0,40,red,33,red
623,Nuxo,arjarnrb,4.0,40,yellow,40,yellow
624,OrnitorrinkoXD,eumininel,4.0,36,red,32,yellow
625,PetherPT,eumininel,3.0,34,blue,32,yellow
626,PCaeiros,Sn1tram,8.0,40,red,37,yellow
627,PatoGotcha,PokeNE0N,47.0,40,blue,40,blue
628,PeterBirth,PokeNE0N,37.0,40,red,40,blue
629,PatoGotcha,j0rgersn,44.0,40,blue,40,blue
630,PeterBirth,j0rgersn,102.0,40,red,40,blue
631,PokeNE0N,j0rgersn,55.0,40,blue,40,blue
632,TinaArroyo,j0rgersn,107.0,40,red,40,blue
633,PatoGotcha,lanr912,13.0,40,blue,40,yellow
634,PeterBirth,lanr912,20.0,40,red,40,yellow
635,PokeNE0N,lanr912,15.0,40,blue,40,yellow
636,TinaArroyo,lanr912,16.0,40,red,40,yellow
637,j0rgersn,lanr912,43.0,40,blue,40,yellow
638,Pedrokemon12,xJAndr4dex,2.0,40,yellow,37,blue
639,RedAngel1904,xJAndr4dex,2.0,31,red,37,blue
640,Rubenford,xJAndr4dex,2.0,40,blue,37,blue
641,SupremeMasterPT,xJAndr4dex,2.0,40,red,37,blue
642,Pokericeira,Stultusz,18.0,40,red,40,red
643,RandomPerpect,cacanacueca,11.0,33,red,30,yellow
644,RestDragon1,rei99999,11.0,27,blue,28,red
645,RicardoLeeXc,pgms,2.0,40,red,37,red
646,SupremeMasterPT,pgms,2.0,40,red,37,red
647,RichieSanti20,aalberto22,25.0,31,yellow,34,yellow
648,Simpletongui,diverbea,22.0,39,blue,40,blue
649,SmilerPortugal,gracanelo123,22.0,40,blue,32,red
650,Stultusz,fatimagraca,7.0,40,red,34,red
651,SupremeMasterPT,couves11,33.0,40,red,37,blue
652,SupremeMasterPT,hugomartins11,2.0,40,red,28,blue
653,SupremeMasterPT,itsausername,2.0,40,red,28,red
654,SupremeMasterPT,jalavais,2.0,40,red,34,red
655,SupremeMasterPT,jonhylopes1999,2.0,40,red,31,red
656,SupremeMasterPT,julio2341,2.0,40,red,30,red
657,SupremeMasterPT,leFux,2.0,40,red,34,red
658,SupremeMasterPT,m1ndHackz,2.0,40,red,30,red
659,SupremeMasterPT,micaandrade2902,2.0,40,red,33,blue
660,SupremeMasterPT,nmvssmarques,2.0,40,red,31,red
661,SupremeMasterPT,nunosilva182,2.0,40,red,32,yellow
662,napalm4dw,nunosilva182,2.0,36,blue,32,yellow
663,SupremeMasterPT,oMarafade,2.0,40,red,29,yellow
664,SupremeMasterPT,onericardo,2.0,40,red,34,red
665,SupremeMasterPT,porodkaito,2.0,40,red,36,blue
666,SupremeMasterPT,quinete7,2.0,40,red,36,blue
667,SupremeMasterPT,rjsm87,2.0,40,red,40,yellow
668,SupremeMasterPT,shlanshan8,2.0,40,red,33,blue
669,SupremeMasterPT,vaitupt,2.0,40,red,39,red
670,SupremeMasterPT,verbal1971,2.0,40,red,38,red
671,TinaArroyo,Vlapower94,32.0,40,red,40,red
672,TinaArroyo,adiogopaiva,12.0,40,red,40,red
673,TinaArroyo,skull5492,8.0,40,red,40,blue
674,nunesrd,skull5492,6.0,40,red,40,blue
675,Vcarrega,brurib606,5.0,40,blue,40,blue
676,Vlapower94,lthejustice,8.0,40,red,36,blue
677,Whatimblack,martinero,6.0,31,blue,27,blue
678,Zetoscp,danielscgo,7.0,38,red,40,red
679,aalberto22,hyordanov,7.0,34,yellow,34,yellow
680,aalberto22,magaleska,5.0,34,yellow,40,blue
681,anajdev,fbernardo,12.0,34,blue,35,blue
682,balianx,jpcc00,4.0,39,red,36,red
683,gracanelo123,kabonga82,4.0,32,red,40,blue
684,gracanelo123,mavmgm95,22.0,32,red,34,red
685,lfdamo,nunofuckinsousa,6.0,36,blue,31,blue
686,nunesrd,ricardoiraq,4.0,40,red,40,blue
687,pda9891,ricardoiraq,5.0,40,yellow,40,blue
